--
-- PostgreSQL database dump
--

SET statement_timeout = 0;
SET lock_timeout = 0;
SET client_encoding = 'UTF8';
SET standard_conforming_strings = on;
SET check_function_bodies = false;
SET client_min_messages = warning;

--
-- Data for Name: gklients_email_template; Type: TABLE DATA; Schema: public; Owner: gklients
--

INSERT INTO gklients_email_template (id, create_ts, created_by, version, update_ts, updated_by, delete_ts, deleted_by, subject, body_, email_type) VALUES ('5efe83f8-77f7-16c5-a7ef-ad5d1ba040ca', '2015-10-28 16:11:01.317', 'admin', 1, '2015-10-28 16:11:01.317', NULL, NULL, NULL, 'Регистрационный ключ активирован', 'Здравствуйте [NAME]
Ваш регистрационный ключ активирован! 
Пароль для доступа к сайту: [PASSWORD]

Главная книга.', 1);
INSERT INTO gklients_email_template (id, create_ts, created_by, version, update_ts, updated_by, delete_ts, deleted_by, subject, body_, email_type) VALUES ('df938a25-a0ef-626e-64a7-c98bc1099278', '2015-10-28 16:11:34.265', 'admin', 1, '2015-10-28 16:11:34.265', NULL, NULL, NULL, 'Изменение пароля', 'Здравствуйте [NAME]
Ваш пароль изменен.
Новый пароль: [PASSWORD]', 2);
INSERT INTO gklients_email_template (id, create_ts, created_by, version, update_ts, updated_by, delete_ts, deleted_by, subject, body_, email_type) VALUES ('eba768d9-91c4-b42f-22a6-918cbb90980c', '2015-10-28 16:11:42.343', 'admin', 2, '2015-10-28 16:12:03.831', 'admin', NULL, NULL, 'Напоминание пароля', 'Здравствуйте [NAME]
Ваш старый пароль: [PASSWORD]', 3);


--
-- Data for Name: gklients_magazine; Type: TABLE DATA; Schema: public; Owner: gklients
--

INSERT INTO gklients_magazine (id, create_ts, created_by, version, update_ts, updated_by, delete_ts, deleted_by, magazine_name, magazine_abb, MAGAZINE_I_D) VALUES ('c3187d82-f048-f2e4-1512-e557d2d87482', '2015-10-28 16:09:11.909', 'admin', 1, '2015-10-28 16:09:11.909', NULL, NULL, NULL, 'Главная книга', 'ГК', 1);
INSERT INTO gklients_magazine (id, create_ts, created_by, version, update_ts, updated_by, delete_ts, deleted_by, magazine_name, magazine_abb, MAGAZINE_I_D) VALUES ('f8fa3432-badc-f167-533f-76b68adc92d8', '2015-10-28 16:09:30.885', 'admin', 1, '2015-10-28 16:09:30.885', NULL, NULL, NULL, 'Электронные семинары', 'ЭС', 2);
INSERT INTO gklients_magazine (id, create_ts, created_by, version, update_ts, updated_by, delete_ts, deleted_by, magazine_name, magazine_abb, MAGAZINE_I_D) VALUES ('83991637-09b7-573d-f2f1-5b5354c1f936', '2015-10-28 16:09:42.038', 'admin', 1, '2015-10-28 16:09:42.038', NULL, NULL, NULL, 'Книги издательства', 'КН', 3);



--
-- Data for Name: gklients_magazine_issue; Type: TABLE DATA; Schema: public; Owner: gklients
--

INSERT INTO gklients_magazine_issue (id, create_ts, created_by, version, update_ts, updated_by, delete_ts, deleted_by, magazine_id, month_, year_, number_, code, issue_planned_date) VALUES ('a3799775-3989-085e-02c5-594ec9f98a48', '2015-10-28 16:13:41.556', 'admin', 2, '2015-10-29 11:12:14.938', 'admin', NULL, NULL, NULL, NULL, NULL, NULL, 'ГК.2016.01', NULL);
INSERT INTO gklients_magazine_issue (id, create_ts, created_by, version, update_ts, updated_by, delete_ts, deleted_by, magazine_id, month_, year_, number_, code, issue_planned_date) VALUES ('4c9751db-eda0-cde1-093c-cb98224fecab', '2015-10-28 16:14:08.814', 'admin', 2, '2015-10-29 11:13:19.883', 'admin', NULL, NULL, NULL, NULL, NULL, NULL, 'ЭС.2016.01', NULL);
INSERT INTO gklients_magazine_issue (id, create_ts, created_by, version, update_ts, updated_by, delete_ts, deleted_by, magazine_id, month_, year_, number_, code, issue_planned_date) VALUES ('292f9bdf-d4e1-9b2f-fd57-7cbd8a17398f', '2015-10-28 16:14:21.649', 'admin', 2, '2015-10-29 11:15:39.171', 'admin', NULL, NULL, NULL, NULL, NULL, NULL, 'ГК.2016.02', NULL);
INSERT INTO gklients_magazine_issue (id, create_ts, created_by, version, update_ts, updated_by, delete_ts, deleted_by, magazine_id, month_, year_, number_, code, issue_planned_date) VALUES ('3f09ab5c-78e3-d226-a3b7-325270fcc8ec', '2015-10-29 11:24:52.382', 'admin', 1, '2015-10-29 11:24:52.382', NULL, NULL, NULL, NULL, NULL, NULL, NULL, 'ЭС.2016.02-1', NULL);
INSERT INTO gklients_magazine_issue (id, create_ts, created_by, version, update_ts, updated_by, delete_ts, deleted_by, magazine_id, month_, year_, number_, code, issue_planned_date) VALUES ('1af4d0e0-8b64-fe9b-c5d2-678f5fe8dda2', '2015-10-29 11:25:55.129', 'admin', 1, '2015-10-29 11:25:55.129', NULL, NULL, NULL, NULL, NULL, NULL, NULL, 'ГК.2016.03', NULL);
INSERT INTO gklients_magazine_issue (id, create_ts, created_by, version, update_ts, updated_by, delete_ts, deleted_by, magazine_id, month_, year_, number_, code, issue_planned_date) VALUES ('f61f93e8-13be-2cf5-fc32-a13ef8dde493', '2015-10-29 11:27:12.346', 'admin', 1, '2015-10-29 11:27:12.346', NULL, NULL, NULL, NULL, NULL, NULL, NULL, 'ГК.2016.04', NULL);
INSERT INTO gklients_magazine_issue (id, create_ts, created_by, version, update_ts, updated_by, delete_ts, deleted_by, magazine_id, month_, year_, number_, code, issue_planned_date) VALUES ('8ca387d5-abe4-ec66-0b96-5fe2d03eba60', '2015-10-29 11:28:07.992', 'admin', 1, '2015-10-29 11:28:07.992', NULL, NULL, NULL, NULL, NULL, NULL, NULL, 'ЭС.2016.02-2', NULL);
INSERT INTO gklients_magazine_issue (id, create_ts, created_by, version, update_ts, updated_by, delete_ts, deleted_by, magazine_id, month_, year_, number_, code, issue_planned_date) VALUES ('b49037ae-b9e3-3354-8dd5-87ce75687509', '2015-10-29 11:28:59.718', 'admin', 1, '2015-10-29 11:28:59.718', NULL, NULL, NULL, NULL, NULL, NULL, NULL, 'ГК.2016.05', NULL);
INSERT INTO gklients_magazine_issue (id, create_ts, created_by, version, update_ts, updated_by, delete_ts, deleted_by, magazine_id, month_, year_, number_, code, issue_planned_date) VALUES ('30f02bb7-3f3d-c128-698d-4274b7e349ed', '2015-10-29 11:29:56.611', 'admin', 1, '2015-10-29 11:29:56.611', NULL, NULL, NULL, NULL, NULL, NULL, NULL, 'ГК.2016.06', NULL);
INSERT INTO gklients_magazine_issue (id, create_ts, created_by, version, update_ts, updated_by, delete_ts, deleted_by, magazine_id, month_, year_, number_, code, issue_planned_date) VALUES ('dfaac56a-b485-22a4-5d92-3b98e16aba2c', '2015-10-29 11:32:14.704', 'admin', 1, '2015-10-29 11:32:14.704', NULL, NULL, NULL, NULL, NULL, NULL, NULL, 'ГК.2016.07', NULL);
INSERT INTO gklients_magazine_issue (id, create_ts, created_by, version, update_ts, updated_by, delete_ts, deleted_by, magazine_id, month_, year_, number_, code, issue_planned_date) VALUES ('78b9876c-f3d4-e745-0e37-8a42a495b4bb', '2015-10-29 11:34:06.22', 'admin', 1, '2015-10-29 11:34:06.22', NULL, NULL, NULL, NULL, NULL, NULL, NULL, 'КН.2016.01', NULL);
INSERT INTO gklients_magazine_issue (id, create_ts, created_by, version, update_ts, updated_by, delete_ts, deleted_by, magazine_id, month_, year_, number_, code, issue_planned_date) VALUES ('86f63857-f3e0-f95f-a00d-3ad55b5f63cd', '2015-10-29 11:34:58.541', 'admin', 1, '2015-10-29 11:34:58.541', NULL, NULL, NULL, NULL, NULL, NULL, NULL, 'ГК.2016.08', NULL);
INSERT INTO gklients_magazine_issue (id, create_ts, created_by, version, update_ts, updated_by, delete_ts, deleted_by, magazine_id, month_, year_, number_, code, issue_planned_date) VALUES ('8ff5f700-0795-afd4-14d6-b22056ad0906', '2015-10-29 11:35:31.871', 'admin', 1, '2015-10-29 11:35:31.871', NULL, NULL, NULL, NULL, NULL, NULL, NULL, 'ЭС.2016.03', NULL);
INSERT INTO gklients_magazine_issue (id, create_ts, created_by, version, update_ts, updated_by, delete_ts, deleted_by, magazine_id, month_, year_, number_, code, issue_planned_date) VALUES ('55ff9470-db7d-0cb3-7fa4-8e0703698d18', '2015-10-29 11:36:23.006', 'admin', 1, '2015-10-29 11:36:23.006', NULL, NULL, NULL, NULL, NULL, NULL, NULL, 'ГК.2016.09', NULL);
INSERT INTO gklients_magazine_issue (id, create_ts, created_by, version, update_ts, updated_by, delete_ts, deleted_by, magazine_id, month_, year_, number_, code, issue_planned_date) VALUES ('58eaabed-8d30-5003-4f0e-e39a76ed879b', '2015-10-29 11:37:22.316', 'admin', 1, '2015-10-29 11:37:22.316', NULL, NULL, NULL, NULL, NULL, NULL, NULL, 'ГК.2016.10', NULL);
INSERT INTO gklients_magazine_issue (id, create_ts, created_by, version, update_ts, updated_by, delete_ts, deleted_by, magazine_id, month_, year_, number_, code, issue_planned_date) VALUES ('77b03b41-2667-62ff-d085-e69f784d0903', '2015-10-29 11:38:21.042', 'admin', 1, '2015-10-29 11:38:21.042', NULL, NULL, NULL, NULL, NULL, NULL, NULL, 'ГК.2016.11', NULL);
INSERT INTO gklients_magazine_issue (id, create_ts, created_by, version, update_ts, updated_by, delete_ts, deleted_by, magazine_id, month_, year_, number_, code, issue_planned_date) VALUES ('c21ca694-a6c2-1af1-12e2-61f68609feef', '2015-10-29 11:39:19.085', 'admin', 1, '2015-10-29 11:39:19.085', NULL, NULL, NULL, NULL, NULL, NULL, NULL, 'ЭС.2016.04', NULL);
INSERT INTO gklients_magazine_issue (id, create_ts, created_by, version, update_ts, updated_by, delete_ts, deleted_by, magazine_id, month_, year_, number_, code, issue_planned_date) VALUES ('0bfe2a55-347f-e0ee-6239-6234897fa643', '2015-10-29 11:40:14.634', 'admin', 1, '2015-10-29 11:40:14.634', NULL, NULL, NULL, NULL, NULL, NULL, NULL, 'ГК.2016.12', NULL);
INSERT INTO gklients_magazine_issue (id, create_ts, created_by, version, update_ts, updated_by, delete_ts, deleted_by, magazine_id, month_, year_, number_, code, issue_planned_date) VALUES ('b98e31c1-8433-157c-7698-4a1f4e782a3b', '2015-10-29 11:41:02.689', 'admin', 1, '2015-10-29 11:41:02.689', NULL, NULL, NULL, NULL, NULL, NULL, NULL, 'ГК.2016.13', NULL);
INSERT INTO gklients_magazine_issue (id, create_ts, created_by, version, update_ts, updated_by, delete_ts, deleted_by, magazine_id, month_, year_, number_, code, issue_planned_date) VALUES ('49a64fac-6d9f-c1d1-c17f-fc45bf934991', '2015-10-29 11:41:57.73', 'admin', 1, '2015-10-29 11:41:57.73', NULL, NULL, NULL, NULL, NULL, NULL, NULL, 'ГК.2016.14', NULL);
INSERT INTO gklients_magazine_issue (id, create_ts, created_by, version, update_ts, updated_by, delete_ts, deleted_by, magazine_id, month_, year_, number_, code, issue_planned_date) VALUES ('f74b9797-b28f-a80b-4b26-6b21d37144d5', '2015-10-29 11:42:43.063', 'admin', 1, '2015-10-29 11:42:43.063', NULL, NULL, NULL, NULL, NULL, NULL, NULL, 'ЭС.2016.05', NULL);
INSERT INTO gklients_magazine_issue (id, create_ts, created_by, version, update_ts, updated_by, delete_ts, deleted_by, magazine_id, month_, year_, number_, code, issue_planned_date) VALUES ('ff6a804b-ce44-33d2-908c-91e68759106a', '2015-10-29 11:43:46.9', 'admin', 1, '2015-10-29 11:43:46.9', NULL, NULL, NULL, NULL, NULL, NULL, NULL, 'ГК.2016.15', NULL);
INSERT INTO gklients_magazine_issue (id, create_ts, created_by, version, update_ts, updated_by, delete_ts, deleted_by, magazine_id, month_, year_, number_, code, issue_planned_date) VALUES ('a95f6920-ab7a-c225-db20-abb6a7b8f516', '2015-10-29 11:44:36.573', 'admin', 1, '2015-10-29 11:44:36.573', NULL, NULL, NULL, NULL, NULL, NULL, NULL, 'ГК.2016.16', NULL);
INSERT INTO gklients_magazine_issue (id, create_ts, created_by, version, update_ts, updated_by, delete_ts, deleted_by, magazine_id, month_, year_, number_, code, issue_planned_date) VALUES ('be2c1477-bc9a-3348-e136-4f454379dc49', '2015-10-29 11:46:28.461', 'admin', 1, '2015-10-29 11:46:28.461', NULL, NULL, NULL, NULL, NULL, NULL, NULL, 'ГК.2016.17', NULL);
INSERT INTO gklients_magazine_issue (id, create_ts, created_by, version, update_ts, updated_by, delete_ts, deleted_by, magazine_id, month_, year_, number_, code, issue_planned_date) VALUES ('22a47d8e-5d7a-766d-12ce-bdaa2c7393c8', '2015-10-29 11:47:19.753', 'admin', 1, '2015-10-29 11:47:19.753', NULL, NULL, NULL, NULL, NULL, NULL, NULL, 'КН.2016.02', NULL);
INSERT INTO gklients_magazine_issue (id, create_ts, created_by, version, update_ts, updated_by, delete_ts, deleted_by, magazine_id, month_, year_, number_, code, issue_planned_date) VALUES ('2210bc00-6655-25d2-c63f-0f31c31998c6', '2015-10-29 11:48:02.255', 'admin', 1, '2015-10-29 11:48:02.255', NULL, NULL, NULL, NULL, NULL, NULL, NULL, 'ЭС.2016.06', NULL);
INSERT INTO gklients_magazine_issue (id, create_ts, created_by, version, update_ts, updated_by, delete_ts, deleted_by, magazine_id, month_, year_, number_, code, issue_planned_date) VALUES ('34067992-a535-fc1a-6ff5-59ce755c7137', '2015-10-29 11:49:02.918', 'admin', 1, '2015-10-29 11:49:02.918', NULL, NULL, NULL, NULL, NULL, NULL, NULL, 'ГК.2016.18', NULL);
INSERT INTO gklients_magazine_issue (id, create_ts, created_by, version, update_ts, updated_by, delete_ts, deleted_by, magazine_id, month_, year_, number_, code, issue_planned_date) VALUES ('76904779-dc60-352f-e6a5-8f1a5d6718f2', '2015-10-29 11:49:55.401', 'admin', 1, '2015-10-29 11:49:55.401', NULL, NULL, NULL, NULL, NULL, NULL, NULL, 'ГК.2016.19', NULL);
INSERT INTO gklients_magazine_issue (id, create_ts, created_by, version, update_ts, updated_by, delete_ts, deleted_by, magazine_id, month_, year_, number_, code, issue_planned_date) VALUES ('a44fc04e-ed3c-4c05-91f7-492c969cb779', '2015-10-29 11:51:53.615', 'admin', 1, '2015-10-29 11:51:53.615', NULL, NULL, NULL, NULL, NULL, NULL, NULL, 'ГК.2016.20', NULL);
INSERT INTO gklients_magazine_issue (id, create_ts, created_by, version, update_ts, updated_by, delete_ts, deleted_by, magazine_id, month_, year_, number_, code, issue_planned_date) VALUES ('7cb744b3-a3d8-e22a-5ef7-91e17e83bf4e', '2015-10-29 11:52:33.49', 'admin', 1, '2015-10-29 11:52:33.49', NULL, NULL, NULL, NULL, NULL, NULL, NULL, 'ЭС.2016.07', NULL);
INSERT INTO gklients_magazine_issue (id, create_ts, created_by, version, update_ts, updated_by, delete_ts, deleted_by, magazine_id, month_, year_, number_, code, issue_planned_date) VALUES ('f2229906-316b-3fe2-7b9b-4645f5f89a24', '2015-10-29 11:54:13.143', 'admin', 1, '2015-10-29 11:54:13.143', NULL, NULL, NULL, NULL, NULL, NULL, NULL, 'ГК.2016.21', NULL);
INSERT INTO gklients_magazine_issue (id, create_ts, created_by, version, update_ts, updated_by, delete_ts, deleted_by, magazine_id, month_, year_, number_, code, issue_planned_date) VALUES ('0db287e5-4c92-2d73-f484-87637874255e', '2015-10-29 11:55:08.318', 'admin', 1, '2015-10-29 11:55:08.318', NULL, NULL, NULL, NULL, NULL, NULL, NULL, 'ГК.2016.22', NULL);
INSERT INTO gklients_magazine_issue (id, create_ts, created_by, version, update_ts, updated_by, delete_ts, deleted_by, magazine_id, month_, year_, number_, code, issue_planned_date) VALUES ('d6182c50-7707-cfed-8bf4-a142daed36c6', '2015-10-29 11:55:44.134', 'admin', 1, '2015-10-29 11:55:44.134', NULL, NULL, NULL, NULL, NULL, NULL, NULL, 'ЭС.2016.08', NULL);
INSERT INTO gklients_magazine_issue (id, create_ts, created_by, version, update_ts, updated_by, delete_ts, deleted_by, magazine_id, month_, year_, number_, code, issue_planned_date) VALUES ('12be3c31-b48d-6f64-95a0-5e9435e2576c', '2015-10-29 11:56:36.293', 'admin', 1, '2015-10-29 11:56:36.293', NULL, NULL, NULL, NULL, NULL, NULL, NULL, 'ГК.2016.23', NULL);
INSERT INTO gklients_magazine_issue (id, create_ts, created_by, version, update_ts, updated_by, delete_ts, deleted_by, magazine_id, month_, year_, number_, code, issue_planned_date) VALUES ('ec94bf81-75d6-dceb-c537-2c827a25620d', '2015-10-29 11:57:25.751', 'admin', 1, '2015-10-29 11:57:25.751', NULL, NULL, NULL, NULL, NULL, NULL, NULL, 'ГК.2016.24', NULL);
INSERT INTO gklients_magazine_issue (id, create_ts, created_by, version, update_ts, updated_by, delete_ts, deleted_by, magazine_id, month_, year_, number_, code, issue_planned_date) VALUES ('5629ae7f-fd3e-4e72-7718-14d32fdfa4e9', '2015-10-29 11:58:59.943', 'admin', 1, '2015-10-29 11:58:59.943', NULL, NULL, NULL, NULL, NULL, NULL, NULL, 'ЭС.2017.01', NULL);
INSERT INTO gklients_magazine_issue (id, create_ts, created_by, version, update_ts, updated_by, delete_ts, deleted_by, magazine_id, month_, year_, number_, code, issue_planned_date) VALUES ('9d71cb57-5523-6e97-6cf6-8810ca11efc5', '2015-10-29 11:58:23.501', 'admin', 2, '2015-10-29 15:18:14.702', 'admin', NULL, NULL, NULL, NULL, NULL, NULL, 'ГК.2017.01', NULL);


--
-- Data for Name: gklients_schedule; Type: TABLE DATA; Schema: public; Owner: gklients
--

INSERT INTO gklients_schedule (id, create_ts, created_by, version, update_ts, updated_by, delete_ts, deleted_by, magazine_issue_id, comments, issue_start, issue_finish, issue_sign, printing_recevie, site_upload, delivery_date) VALUES ('ce58a0be-4688-9fb1-1a16-82f92b39c269', '2015-10-28 16:13:41.556', 'admin', 2, '2015-10-29 11:12:14.94', 'admin', NULL, NULL, 'a3799775-3989-085e-02c5-594ec9f98a48', 'январь, № 377', '2015-12-07', '2015-12-16', '2015-12-18', '2015-12-21', '2015-12-23', '2015-12-28');
INSERT INTO gklients_schedule (id, create_ts, created_by, version, update_ts, updated_by, delete_ts, deleted_by, magazine_issue_id, comments, issue_start, issue_finish, issue_sign, printing_recevie, site_upload, delivery_date) VALUES ('28eb9846-c01c-a9c4-25d7-b0f3fac8280b', '2015-10-28 16:14:08.814', 'admin', 2, '2015-10-29 11:13:19.884', 'admin', NULL, NULL, '4c9751db-eda0-cde1-093c-cb98224fecab', 'Поправки 2016', '2015-12-09', '2015-12-16', NULL, NULL, '2015-12-23', NULL);
INSERT INTO gklients_schedule (id, create_ts, created_by, version, update_ts, updated_by, delete_ts, deleted_by, magazine_issue_id, comments, issue_start, issue_finish, issue_sign, printing_recevie, site_upload, delivery_date) VALUES ('61d8a399-b425-b654-42ca-d50ef745a901', '2015-10-28 16:14:21.649', 'admin', 3, '2015-10-29 11:22:35.176', 'admin', NULL, NULL, '292f9bdf-d4e1-9b2f-fd57-7cbd8a17398f', 'январь, № 378', '2015-12-21', '2015-12-30', '2016-01-11', '2016-01-14', '2016-01-14', '2016-01-21');
INSERT INTO gklients_schedule (id, create_ts, created_by, version, update_ts, updated_by, delete_ts, deleted_by, magazine_issue_id, comments, issue_start, issue_finish, issue_sign, printing_recevie, site_upload, delivery_date) VALUES ('c252aa6f-4d40-224a-478b-775fa4f6a638', '2015-10-29 11:24:52.382', 'admin', 1, '2015-10-29 11:24:52.382', NULL, NULL, NULL, '3f09ab5c-78e3-d226-a3b7-325270fcc8ec', 'Годовой отчет - 1 (НДС, взносы, НДФЛ)', '2015-12-24', '2016-01-11', NULL, NULL, '2016-01-18', NULL);
INSERT INTO gklients_schedule (id, create_ts, created_by, version, update_ts, updated_by, delete_ts, deleted_by, magazine_issue_id, comments, issue_start, issue_finish, issue_sign, printing_recevie, site_upload, delivery_date) VALUES ('f713084d-f4e9-959a-5db3-945527c8dc93', '2015-10-29 11:25:55.129', 'admin', 1, '2015-10-29 11:25:55.129', NULL, NULL, NULL, '1af4d0e0-8b64-fe9b-c5d2-678f5fe8dda2', 'февраль, № 379', '2016-01-11', '2016-01-20', '2016-01-22', '2016-01-25', '2016-01-27', '2016-02-01');
INSERT INTO gklients_schedule (id, create_ts, created_by, version, update_ts, updated_by, delete_ts, deleted_by, magazine_issue_id, comments, issue_start, issue_finish, issue_sign, printing_recevie, site_upload, delivery_date) VALUES ('ba0f978e-5d13-0b47-5f61-f8e9a9fd3e9b', '2015-10-29 11:27:12.346', 'admin', 1, '2015-10-29 11:27:12.346', NULL, NULL, NULL, 'f61f93e8-13be-2cf5-fc32-a13ef8dde493', 'февраль, № 380', '2016-01-25', '2016-02-03', '2016-02-05', '2016-02-08', '2016-02-10', '2016-02-15');
INSERT INTO gklients_schedule (id, create_ts, created_by, version, update_ts, updated_by, delete_ts, deleted_by, magazine_issue_id, comments, issue_start, issue_finish, issue_sign, printing_recevie, site_upload, delivery_date) VALUES ('d8a7a509-4870-8cd6-220b-89f3e19cb2ac', '2015-10-29 11:28:07.992', 'admin', 1, '2015-10-29 11:28:07.992', NULL, NULL, NULL, '8ca387d5-abe4-ec66-0b96-5fe2d03eba60', 'Годовой отчет - 2 (бух, прибыль, УСН, имущество)', '2016-01-27', '2016-02-03', NULL, NULL, '2016-02-10', NULL);
INSERT INTO gklients_schedule (id, create_ts, created_by, version, update_ts, updated_by, delete_ts, deleted_by, magazine_issue_id, comments, issue_start, issue_finish, issue_sign, printing_recevie, site_upload, delivery_date) VALUES ('cbd4f4b3-3d76-d60f-ec37-c76df751a0de', '2015-10-29 11:28:59.718', 'admin', 1, '2015-10-29 11:28:59.718', NULL, NULL, NULL, 'b49037ae-b9e3-3354-8dd5-87ce75687509', 'март, № 381', '2016-02-08', '2016-02-17', '2016-02-19', '2016-02-24', '2016-02-26', '2016-02-29');
INSERT INTO gklients_schedule (id, create_ts, created_by, version, update_ts, updated_by, delete_ts, deleted_by, magazine_issue_id, comments, issue_start, issue_finish, issue_sign, printing_recevie, site_upload, delivery_date) VALUES ('0e06ad98-68b8-2594-3adc-1e2fbc818cff', '2015-10-29 11:29:56.611', 'admin', 1, '2015-10-29 11:29:56.611', NULL, NULL, NULL, '30f02bb7-3f3d-c128-698d-4274b7e349ed', 'март, № 382', '2016-02-24', '2016-03-02', '2016-03-04', '2016-03-09', '2016-03-11', '2016-03-14');
INSERT INTO gklients_schedule (id, create_ts, created_by, version, update_ts, updated_by, delete_ts, deleted_by, magazine_issue_id, comments, issue_start, issue_finish, issue_sign, printing_recevie, site_upload, delivery_date) VALUES ('f5645a07-886d-b391-b8f0-13f8c0130101', '2015-10-29 11:32:14.704', 'admin', 1, '2015-10-29 11:32:14.704', NULL, NULL, NULL, 'dfaac56a-b485-22a4-5d92-3b98e16aba2c', 'апрель, № 383', '2016-03-09', '2016-03-16', '2016-03-18', '2016-03-21', '2016-03-23', '2016-03-28');
INSERT INTO gklients_schedule (id, create_ts, created_by, version, update_ts, updated_by, delete_ts, deleted_by, magazine_issue_id, comments, issue_start, issue_finish, issue_sign, printing_recevie, site_upload, delivery_date) VALUES ('4098ee49-c777-6d05-655f-3bb31cb0ff31', '2015-10-29 11:34:06.22', 'admin', 1, '2015-10-29 11:34:06.22', NULL, NULL, NULL, '78b9876c-f3d4-e745-0e37-8a42a495b4bb', '"Все об ..."', NULL, NULL, '2016-03-11', '2016-04-01', '2016-04-11', NULL);
INSERT INTO gklients_schedule (id, create_ts, created_by, version, update_ts, updated_by, delete_ts, deleted_by, magazine_issue_id, comments, issue_start, issue_finish, issue_sign, printing_recevie, site_upload, delivery_date) VALUES ('ead17dae-7af1-12ef-76d4-3fdb1654c25e', '2015-10-29 11:34:58.541', 'admin', 1, '2015-10-29 11:34:58.541', NULL, NULL, NULL, '86f63857-f3e0-f95f-a00d-3ad55b5f63cd', 'апрель, № 384', '2016-03-21', '2016-03-30', '2016-04-01', '2016-04-04', '2016-04-06', '2016-04-11');
INSERT INTO gklients_schedule (id, create_ts, created_by, version, update_ts, updated_by, delete_ts, deleted_by, magazine_issue_id, comments, issue_start, issue_finish, issue_sign, printing_recevie, site_upload, delivery_date) VALUES ('c936fa94-fafe-4696-47fc-665e03976a90', '2015-10-29 11:35:31.871', 'admin', 1, '2015-10-29 11:35:31.871', NULL, NULL, NULL, '8ff5f700-0795-afd4-14d6-b22056ad0906', 'Отчет 1 кв.', '2016-03-23', '2016-03-30', NULL, NULL, '2016-04-06', NULL);
INSERT INTO gklients_schedule (id, create_ts, created_by, version, update_ts, updated_by, delete_ts, deleted_by, magazine_issue_id, comments, issue_start, issue_finish, issue_sign, printing_recevie, site_upload, delivery_date) VALUES ('ceed1e38-c2c6-3f29-e90e-033ac40e0723', '2015-10-29 11:36:23.006', 'admin', 1, '2015-10-29 11:36:23.006', NULL, NULL, NULL, '55ff9470-db7d-0cb3-7fa4-8e0703698d18', 'май, № 385', '2016-04-04', '2016-04-13', '2016-04-15', '2016-04-18', '2016-04-20', '2016-04-25');
INSERT INTO gklients_schedule (id, create_ts, created_by, version, update_ts, updated_by, delete_ts, deleted_by, magazine_issue_id, comments, issue_start, issue_finish, issue_sign, printing_recevie, site_upload, delivery_date) VALUES ('557b55ff-52e1-e52b-dbb2-38dca66bb9e5', '2015-10-29 11:37:22.316', 'admin', 1, '2015-10-29 11:37:22.316', NULL, NULL, NULL, '58eaabed-8d30-5003-4f0e-e39a76ed879b', 'май, № 386, 3 недели', '2016-04-18', '2016-05-04', '2016-05-06', '2016-05-10', '2016-05-12', '2016-05-16');
INSERT INTO gklients_schedule (id, create_ts, created_by, version, update_ts, updated_by, delete_ts, deleted_by, magazine_issue_id, comments, issue_start, issue_finish, issue_sign, printing_recevie, site_upload, delivery_date) VALUES ('d14891a2-4de0-a710-2213-73d9d0c53216', '2015-10-29 11:38:21.042', 'admin', 1, '2015-10-29 11:38:21.042', NULL, NULL, NULL, '77b03b41-2667-62ff-d085-e69f784d0903', 'июнь, № 387', '2016-05-10', '2016-05-18', '2016-05-20', '2016-05-23', '2016-05-25', '2016-05-30');
INSERT INTO gklients_schedule (id, create_ts, created_by, version, update_ts, updated_by, delete_ts, deleted_by, magazine_issue_id, comments, issue_start, issue_finish, issue_sign, printing_recevie, site_upload, delivery_date) VALUES ('1a593f58-cb6a-9742-4c5f-23778711ccd5', '2015-10-29 11:39:19.085', 'admin', 1, '2015-10-29 11:39:19.085', NULL, NULL, NULL, 'c21ca694-a6c2-1af1-12e2-61f68609feef', 'Пособия ФСС', '2016-05-11', '2016-05-18', NULL, NULL, '2016-05-25', NULL);
INSERT INTO gklients_schedule (id, create_ts, created_by, version, update_ts, updated_by, delete_ts, deleted_by, magazine_issue_id, comments, issue_start, issue_finish, issue_sign, printing_recevie, site_upload, delivery_date) VALUES ('3c439b56-3a08-0a88-1e9c-8534fffd08fd', '2015-10-29 11:40:14.634', 'admin', 1, '2015-10-29 11:40:14.634', NULL, NULL, NULL, '0bfe2a55-347f-e0ee-6239-6234897fa643', 'июнь, № 388', '2016-05-23', '2016-06-01', '2016-06-03', '2016-06-06', '2016-06-08', '2016-06-14');
INSERT INTO gklients_schedule (id, create_ts, created_by, version, update_ts, updated_by, delete_ts, deleted_by, magazine_issue_id, comments, issue_start, issue_finish, issue_sign, printing_recevie, site_upload, delivery_date) VALUES ('2de8aeb3-f10d-b3d5-391f-6f40743db200', '2015-10-29 11:41:57.73', 'admin', 1, '2015-10-29 11:41:57.73', NULL, NULL, NULL, '49a64fac-6d9f-c1d1-c17f-fc45bf934991', 'июль, № 390', '2016-06-20', '2016-06-29', '2016-07-01', '2016-07-04', '2016-07-06', '2016-07-11');
INSERT INTO gklients_schedule (id, create_ts, created_by, version, update_ts, updated_by, delete_ts, deleted_by, magazine_issue_id, comments, issue_start, issue_finish, issue_sign, printing_recevie, site_upload, delivery_date) VALUES ('b12b37b8-7691-ddb2-d68a-8f11d28ee489', '2015-10-29 11:42:43.063', 'admin', 1, '2015-10-29 11:42:43.063', NULL, NULL, NULL, 'f74b9797-b28f-a80b-4b26-6b21d37144d5', 'Отчет 2 кв.', '2016-06-22', '2016-06-29', NULL, NULL, '2016-07-06', NULL);
INSERT INTO gklients_schedule (id, create_ts, created_by, version, update_ts, updated_by, delete_ts, deleted_by, magazine_issue_id, comments, issue_start, issue_finish, issue_sign, printing_recevie, site_upload, delivery_date) VALUES ('467d6083-d81f-a55e-3a96-73d5011d8872', '2015-10-29 11:43:46.9', 'admin', 1, '2015-10-29 11:43:46.9', NULL, NULL, NULL, 'ff6a804b-ce44-33d2-908c-91e68759106a', 'август, № 391', '2016-07-04', '2016-07-13', '2016-07-15', '2016-07-18', '2016-07-20', '2016-07-25');
INSERT INTO gklients_schedule (id, create_ts, created_by, version, update_ts, updated_by, delete_ts, deleted_by, magazine_issue_id, comments, issue_start, issue_finish, issue_sign, printing_recevie, site_upload, delivery_date) VALUES ('91990def-47e1-10c7-627d-dcd943005f0b', '2015-10-29 11:44:36.573', 'admin', 2, '2015-10-29 11:44:45.048', 'admin', NULL, NULL, 'a95f6920-ab7a-c225-db20-abb6a7b8f516', 'август, № 392', '2016-07-18', '2016-07-27', '2016-07-29', '2016-08-01', '2016-08-03', '2016-08-08');
INSERT INTO gklients_schedule (id, create_ts, created_by, version, update_ts, updated_by, delete_ts, deleted_by, magazine_issue_id, comments, issue_start, issue_finish, issue_sign, printing_recevie, site_upload, delivery_date) VALUES ('108ddc45-21bf-95d1-fabb-4afeab4192e1', '2015-10-29 11:46:28.461', 'admin', 1, '2015-10-29 11:46:28.461', NULL, NULL, NULL, 'be2c1477-bc9a-3348-e136-4f454379dc49', 'сентябрь, № 393, 3 недели', '2016-08-01', '2016-08-17', '2016-08-19', '2016-08-22', '2016-08-24', '2016-08-29');
INSERT INTO gklients_schedule (id, create_ts, created_by, version, update_ts, updated_by, delete_ts, deleted_by, magazine_issue_id, comments, issue_start, issue_finish, issue_sign, printing_recevie, site_upload, delivery_date) VALUES ('406cc7fa-110f-ec39-39b8-405f6245220a', '2015-10-29 11:47:19.753', 'admin', 1, '2015-10-29 11:47:19.753', NULL, NULL, NULL, '22a47d8e-5d7a-766d-12ce-bdaa2c7393c8', '"100 ответов по ..."', NULL, NULL, '2016-08-08', '2016-09-05', '2016-09-08', NULL);
INSERT INTO gklients_schedule (id, create_ts, created_by, version, update_ts, updated_by, delete_ts, deleted_by, magazine_issue_id, comments, issue_start, issue_finish, issue_sign, printing_recevie, site_upload, delivery_date) VALUES ('e4dee671-400b-57cc-f10d-130ff1ba45ad', '2015-10-29 11:48:02.255', 'admin', 1, '2015-10-29 11:48:02.255', NULL, NULL, NULL, '2210bc00-6655-25d2-c63f-0f31c31998c6', 'Охрана труда', '2016-08-10', '2016-08-17', NULL, NULL, '2016-08-24', NULL);
INSERT INTO gklients_schedule (id, create_ts, created_by, version, update_ts, updated_by, delete_ts, deleted_by, magazine_issue_id, comments, issue_start, issue_finish, issue_sign, printing_recevie, site_upload, delivery_date) VALUES ('98d4eba2-1486-49d9-c288-4ab952569d9a', '2015-10-29 11:49:02.918', 'admin', 1, '2015-10-29 11:49:02.918', NULL, NULL, NULL, '34067992-a535-fc1a-6ff5-59ce755c7137', 'сентябрь, № 394', '2016-08-22', '2016-08-31', '2016-09-02', '2016-09-05', '2016-09-07', '2016-09-12');
INSERT INTO gklients_schedule (id, create_ts, created_by, version, update_ts, updated_by, delete_ts, deleted_by, magazine_issue_id, comments, issue_start, issue_finish, issue_sign, printing_recevie, site_upload, delivery_date) VALUES ('0e10f5e3-15b3-3dab-dfc1-0f29ac77098c', '2015-10-29 11:49:55.401', 'admin', 1, '2015-10-29 11:49:55.401', NULL, NULL, NULL, '76904779-dc60-352f-e6a5-8f1a5d6718f2', 'октябрь, № 395', '2016-09-05', '2016-09-14', '2016-09-16', '2016-09-19', '2016-09-21', '2016-09-26');
INSERT INTO gklients_schedule (id, create_ts, created_by, version, update_ts, updated_by, delete_ts, deleted_by, magazine_issue_id, comments, issue_start, issue_finish, issue_sign, printing_recevie, site_upload, delivery_date) VALUES ('467253bd-de13-5404-9c11-6e6a1cf622c6', '2015-10-29 11:51:53.615', 'admin', 1, '2015-10-29 11:51:53.615', NULL, NULL, NULL, 'a44fc04e-ed3c-4c05-91f7-492c969cb779', 'октябрь, № 396', '2016-09-19', '2016-09-28', '2016-09-30', '2016-10-03', '2016-10-05', '2016-10-10');
INSERT INTO gklients_schedule (id, create_ts, created_by, version, update_ts, updated_by, delete_ts, deleted_by, magazine_issue_id, comments, issue_start, issue_finish, issue_sign, printing_recevie, site_upload, delivery_date) VALUES ('3a00a826-e78e-7b1e-1b3f-8e0f74332f2e', '2015-10-29 11:52:33.49', 'admin', 1, '2015-10-29 11:52:33.49', NULL, NULL, NULL, '7cb744b3-a3d8-e22a-5ef7-91e17e83bf4e', 'Отчет 3 кв.', '2016-09-21', '2016-09-28', NULL, NULL, '2016-10-05', NULL);
INSERT INTO gklients_schedule (id, create_ts, created_by, version, update_ts, updated_by, delete_ts, deleted_by, magazine_issue_id, comments, issue_start, issue_finish, issue_sign, printing_recevie, site_upload, delivery_date) VALUES ('7455a8c7-a22a-603e-0d46-66ebdca05c0b', '2015-10-29 11:54:13.143', 'admin', 1, '2015-10-29 11:54:13.143', NULL, NULL, NULL, 'f2229906-316b-3fe2-7b9b-4645f5f89a24', 'ноябрь, № 397', '2016-10-03', '2016-10-12', '2016-10-14', '2016-10-17', '2016-10-19', '2016-10-24');
INSERT INTO gklients_schedule (id, create_ts, created_by, version, update_ts, updated_by, delete_ts, deleted_by, magazine_issue_id, comments, issue_start, issue_finish, issue_sign, printing_recevie, site_upload, delivery_date) VALUES ('7951eb0f-c0f6-f58f-e251-790e066e93b9', '2015-10-29 11:55:08.318', 'admin', 1, '2015-10-29 11:55:08.318', NULL, NULL, NULL, '0db287e5-4c92-2d73-f484-87637874255e', 'ноябрь, № 398, 3 недели', '2016-10-17', '2016-11-01', '2016-11-03', '2016-11-07', '2016-11-09', '2016-11-14');
INSERT INTO gklients_schedule (id, create_ts, created_by, version, update_ts, updated_by, delete_ts, deleted_by, magazine_issue_id, comments, issue_start, issue_finish, issue_sign, printing_recevie, site_upload, delivery_date) VALUES ('bcd958bd-0dcf-3f48-3d25-fe07d9be3ab6', '2015-10-29 11:55:44.134', 'admin', 1, '2015-10-29 11:55:44.134', NULL, NULL, NULL, 'd6182c50-7707-cfed-8bf4-a142daed36c6', 'Офисные расходы', '2016-10-26', '2016-11-02', NULL, NULL, '2016-11-09', NULL);
INSERT INTO gklients_schedule (id, create_ts, created_by, version, update_ts, updated_by, delete_ts, deleted_by, magazine_issue_id, comments, issue_start, issue_finish, issue_sign, printing_recevie, site_upload, delivery_date) VALUES ('e0556dbe-0858-21e3-da58-5285c873c495', '2015-10-29 11:56:36.293', 'admin', 1, '2015-10-29 11:56:36.293', NULL, NULL, NULL, '12be3c31-b48d-6f64-95a0-5e9435e2576c', 'декабрь, № 399', '2016-11-07', '2016-11-16', '2016-11-18', '2016-11-21', '2016-11-23', '2016-11-28');
INSERT INTO gklients_schedule (id, create_ts, created_by, version, update_ts, updated_by, delete_ts, deleted_by, magazine_issue_id, comments, issue_start, issue_finish, issue_sign, printing_recevie, site_upload, delivery_date) VALUES ('4b7db007-7494-f018-ab7a-60530b942bf8', '2015-10-29 11:57:25.751', 'admin', 1, '2015-10-29 11:57:25.751', NULL, NULL, NULL, 'ec94bf81-75d6-dceb-c537-2c827a25620d', 'декабрь, № 400', '2016-11-21', '2016-11-30', '2016-12-02', '2016-12-05', '2016-12-07', '2016-12-12');
INSERT INTO gklients_schedule (id, create_ts, created_by, version, update_ts, updated_by, delete_ts, deleted_by, magazine_issue_id, comments, issue_start, issue_finish, issue_sign, printing_recevie, site_upload, delivery_date) VALUES ('7cb3d9d1-3002-7cc2-c94a-a89ed1b4a008', '2015-10-29 11:58:23.501', 'admin', 1, '2015-10-29 11:58:23.501', NULL, NULL, NULL, '9d71cb57-5523-6e97-6cf6-8810ca11efc5', 'январь, № 401', '2016-12-05', '2016-12-14', '2016-12-16', '2016-12-19', '2016-12-21', '2016-12-26');
INSERT INTO gklients_schedule (id, create_ts, created_by, version, update_ts, updated_by, delete_ts, deleted_by, magazine_issue_id, comments, issue_start, issue_finish, issue_sign, printing_recevie, site_upload, delivery_date) VALUES ('c37ee760-7307-7730-4011-1fd94367bd87', '2015-10-29 11:58:59.943', 'admin', 1, '2015-10-29 11:58:59.943', NULL, NULL, NULL, '5629ae7f-fd3e-4e72-7718-14d32fdfa4e9', 'Поправки 2017', '2016-12-07', '2016-12-14', NULL, NULL, '2016-12-21', NULL);
INSERT INTO gklients_schedule (id, create_ts, created_by, version, update_ts, updated_by, delete_ts, deleted_by, magazine_issue_id, comments, issue_start, issue_finish, issue_sign, printing_recevie, site_upload, delivery_date) VALUES ('b6491feb-fa06-ee02-752e-63a6c7a27562', '2015-10-29 11:41:02.689', 'admin', 2, '2015-10-29 13:05:44.782', 'admin', NULL, NULL, 'b98e31c1-8433-157c-7698-4a1f4e782a3b', 'июль, № 389', '2016-06-06', '2016-06-15', '2016-06-17', '2016-06-20', '2016-06-22', '2016-06-27');

--
-- Data for Name: gklients_tarif; Type: TABLE DATA; Schema: public; Owner: gklients
--

INSERT INTO gklients_tarif (id, create_ts, created_by, version, update_ts, updated_by, delete_ts, deleted_by, tarif_name, tarif_price, TARIF_NUMBER) VALUES ('20ce4162-cf93-2052-81f9-8c7da7bf6c67', '2015-10-28 16:14:47.696', 'admin', 1, '2015-10-28 16:14:47.696', NULL, NULL, NULL, 'Тариф 1', 100, 1);
INSERT INTO gklients_tarif (id, create_ts, created_by, version, update_ts, updated_by, delete_ts, deleted_by, tarif_name, tarif_price, TARIF_NUMBER) VALUES ('dda32e11-36fc-f68c-3f45-80ab6ecbfb3d', '2015-10-28 16:14:54.025', 'admin', 1, '2015-10-28 16:14:54.025', NULL, NULL, NULL, 'Тариф 2', 200, 2);
